{
  "start":"/home/turpif/Projet/Togetic/Blender.py --input /tmp/togetic-1 --blender /home/turpif/togetic/blender/Togetic.blend",
  "name": "togetic_blender",
  "public_name": "Togetic-Blender",
  "slides": [
    {"image": "screen-1.png", "text": "Petite ballade"},
    {"image": "screen-2.png", "text": "Beau paysage"},
    {"image": "screen-3.png", "text": "Soleil couchant"},
    {"image": "screen-4.png", "text": "Plein de champignons"}],
  "description": "Cette vue utilisant blender vous place dans un monde fantastique où vous pourrez vous immerger en prenant le contrôle de la caméra. L'écran devient vos yeux, vous êtes le personnage de cette histoire, vous êtes dans un autre monde. A vous de regardez autour de vous afin de découvrir un tout nouveau monde."
}
